id,genre
17743,1.0
17744,4.0
17745,4.0
17746,1.0
17747,1.0
17748,1.0
17749,1.0
17750,4.0
17751,1.0
17752,4.0
17753,4.0
17754,4.0
17755,1.0
17756,4.0
17757,4.0
17758,4.0
17759,1.0
17760,4.0
17761,4.0
17762,4.0
17763,4.0
17764,1.0
17765,4.0
17766,4.0
17767,4.0
17768,4.0
17769,4.0
17770,1.0
17771,1.0
17772,4.0
17773,1.0
17774,4.0
17775,4.0
17776,1.0
17777,4.0
17778,4.0
17779,1.0
17780,4.0
17781,4.0
17782,4.0
17783,4.0
17784,1.0
17785,1.0
17786,4.0
17787,1.0
17788,4.0
17789,4.0
17790,4.0
17791,1.0
17792,1.0
17793,4.0
17794,4.0
17795,4.0
17796,4.0
17797,1.0
17798,1.0
17799,1.0
17800,4.0
17801,4.0
17802,4.0
17803,4.0
17804,4.0
17805,4.0
17806,4.0
17807,4.0
17808,1.0
17809,4.0
17810,1.0
17811,1.0
17812,4.0
17813,4.0
17814,4.0
17815,4.0
17816,1.0
17817,4.0
17818,4.0
17819,4.0
17820,4.0
17821,4.0
17822,4.0
17823,1.0
17824,4.0
17825,4.0
17826,4.0
17827,4.0
17828,4.0
17829,4.0
17830,4.0
17831,1.0
17832,4.0
17833,4.0
17834,4.0
17835,1.0
17836,1.0
17837,1.0
17838,4.0
17839,4.0
17840,1.0
17841,1.0
17842,4.0
17843,4.0
17844,4.0
17845,4.0
17846,4.0
17847,1.0
17848,4.0
17849,4.0
17850,1.0
17851,1.0
17852,1.0
17853,4.0
17854,1.0
17855,1.0
17856,1.0
17857,4.0
17858,1.0
17859,4.0
17860,4.0
17861,4.0
17862,4.0
17863,4.0
17864,4.0
17865,4.0
17866,4.0
17867,1.0
17868,4.0
17869,1.0
17870,1.0
17871,4.0
17872,1.0
17873,1.0
17874,4.0
17875,4.0
17876,4.0
17877,4.0
17878,4.0
17879,4.0
17880,4.0
17881,1.0
17882,1.0
17883,4.0
17884,1.0
17885,4.0
17886,1.0
17887,4.0
17888,4.0
17889,4.0
17890,4.0
17891,4.0
17892,4.0
17893,1.0
17894,1.0
17895,4.0
17896,1.0
17897,4.0
17898,4.0
17899,1.0
17900,1.0
17901,4.0
17902,1.0
17903,4.0
17904,4.0
17905,4.0
17906,1.0
17907,1.0
17908,4.0
17909,1.0
17910,4.0
17911,4.0
17912,4.0
17913,4.0
17914,4.0
17915,4.0
17916,1.0
17917,4.0
17918,4.0
17919,4.0
17920,1.0
17921,1.0
17922,4.0
17923,4.0
17924,1.0
17925,4.0
17926,4.0
17927,1.0
17928,1.0
17929,4.0
17930,4.0
17931,1.0
17932,1.0
17933,4.0
17934,4.0
17935,4.0
17936,1.0
17937,4.0
17938,1.0
17939,1.0
17940,1.0
17941,4.0
17942,4.0
17943,4.0
17944,1.0
17945,4.0
17946,4.0
17947,1.0
17948,1.0
17949,1.0
17950,1.0
17951,4.0
17952,4.0
17953,4.0
17954,1.0
17955,1.0
17956,4.0
17957,4.0
17958,1.0
17959,4.0
17960,1.0
17961,1.0
17962,1.0
17963,4.0
17964,1.0
17965,4.0
17966,4.0
17967,4.0
17968,1.0
17969,4.0
17970,1.0
17971,1.0
17972,1.0
17973,4.0
17974,4.0
17975,4.0
17976,1.0
17977,1.0
17978,4.0
17979,4.0
17980,1.0
17981,1.0
17982,4.0
17983,4.0
17984,4.0
17985,1.0
17986,1.0
17987,4.0
17988,4.0
17989,1.0
17990,1.0
17991,4.0
17992,4.0
17993,4.0
17994,1.0
17995,4.0
17996,4.0
17997,4.0
17998,4.0
17999,1.0
18000,1.0
18001,4.0
18002,1.0
18003,4.0
18004,4.0
18005,4.0
18006,4.0
18007,4.0
18008,4.0
18009,4.0
18010,1.0
18011,4.0
18012,4.0
18013,4.0
18014,4.0
18015,1.0
18016,4.0
18017,1.0
18018,4.0
18019,4.0
18020,1.0
18021,1.0
18022,4.0
18023,1.0
18024,1.0
18025,4.0
18026,1.0
18027,4.0
18028,1.0
18029,4.0
18030,1.0
18031,4.0
18032,4.0
18033,4.0
18034,1.0
18035,1.0
18036,4.0
18037,1.0
18038,4.0
18039,1.0
18040,4.0
18041,4.0
18042,1.0
18043,4.0
18044,4.0
18045,1.0
18046,4.0
18047,4.0
18048,4.0
18049,4.0
18050,4.0
18051,4.0
18052,1.0
18053,4.0
18054,4.0
18055,1.0
18056,1.0
18057,4.0
18058,1.0
18059,4.0
18060,4.0
18061,4.0
18062,1.0
18063,1.0
18064,4.0
18065,1.0
18066,4.0
18067,1.0
18068,4.0
18069,4.0
18070,1.0
18071,4.0
18072,1.0
18073,4.0
18074,1.0
18075,1.0
18076,4.0
18077,4.0
18078,1.0
18079,4.0
18080,1.0
18081,4.0
18082,1.0
18083,4.0
18084,1.0
18085,1.0
18086,1.0
18087,1.0
18088,4.0
18089,1.0
18090,4.0
18091,1.0
18092,4.0
18093,4.0
18094,1.0
18095,1.0
18096,4.0
18097,4.0
18098,4.0
18099,1.0
18100,4.0
18101,4.0
18102,4.0
18103,4.0
18104,4.0
18105,1.0
18106,4.0
18107,4.0
18108,1.0
18109,1.0
18110,1.0
18111,1.0
18112,4.0
18113,4.0
18114,1.0
18115,4.0
18116,1.0
18117,1.0
18118,4.0
18119,4.0
18120,1.0
18121,1.0
18122,4.0
18123,4.0
18124,1.0
18125,1.0
18126,4.0
18127,4.0
18128,4.0
18129,4.0
18130,4.0
18131,4.0
18132,1.0
18133,1.0
18134,4.0
18135,4.0
18136,1.0
18137,4.0
18138,1.0
18139,1.0
18140,4.0
18141,1.0
18142,4.0
18143,4.0
18144,4.0
18145,4.0
18146,1.0
18147,4.0
18148,1.0
18149,4.0
18150,4.0
18151,1.0
18152,4.0
18153,4.0
18154,1.0
18155,1.0
18156,1.0
18157,1.0
18158,1.0
18159,1.0
18160,1.0
18161,1.0
18162,4.0
18163,1.0
18164,4.0
18165,4.0
18166,4.0
18167,4.0
18168,4.0
18169,4.0
18170,4.0
18171,4.0
18172,1.0
18173,1.0
18174,1.0
18175,1.0
18176,4.0
18177,4.0
18178,1.0
18179,1.0
18180,1.0
18181,1.0
18182,4.0
18183,1.0
18184,4.0
18185,4.0
18186,4.0
18187,4.0
18188,4.0
18189,4.0
18190,4.0
18191,4.0
18192,1.0
18193,1.0
18194,4.0
18195,1.0
18196,4.0
18197,4.0
18198,4.0
18199,4.0
18200,4.0
18201,4.0
18202,1.0
18203,4.0
18204,1.0
18205,1.0
18206,4.0
18207,4.0
18208,1.0
18209,1.0
18210,4.0
18211,1.0
18212,1.0
18213,1.0
18214,4.0
18215,1.0
18216,4.0
18217,1.0
18218,4.0
18219,4.0
18220,4.0
18221,1.0
18222,4.0
18223,1.0
18224,1.0
18225,4.0
18226,4.0
18227,4.0
18228,4.0
18229,1.0
18230,4.0
18231,4.0
18232,4.0
18233,1.0
18234,1.0
18235,1.0
18236,4.0
18237,4.0
18238,1.0
18239,4.0
18240,4.0
18241,1.0
18242,4.0
18243,4.0
18244,4.0
18245,1.0
18246,4.0
18247,1.0
18248,4.0
18249,1.0
18250,4.0
18251,4.0
18252,4.0
18253,4.0
18254,1.0
18255,4.0
18256,1.0
18257,4.0
18258,1.0
18259,1.0
18260,4.0
18261,4.0
18262,4.0
18263,4.0
18264,1.0
18265,4.0
18266,1.0
18267,4.0
18268,1.0
18269,4.0
18270,1.0
18271,4.0
18272,4.0
18273,4.0
18274,4.0
18275,4.0
18276,4.0
18277,4.0
18278,4.0
18279,4.0
18280,1.0
18281,4.0
18282,4.0
18283,4.0
18284,4.0
18285,1.0
18286,4.0
18287,1.0
18288,4.0
18289,4.0
18290,1.0
18291,4.0
18292,1.0
18293,4.0
18294,4.0
18295,1.0
18296,1.0
18297,4.0
18298,4.0
18299,4.0
18300,1.0
18301,4.0
18302,4.0
18303,4.0
18304,4.0
18305,4.0
18306,4.0
18307,4.0
18308,1.0
18309,4.0
18310,4.0
18311,4.0
18312,4.0
18313,4.0
18314,4.0
18315,1.0
18316,4.0
18317,1.0
18318,4.0
18319,4.0
18320,4.0
18321,4.0
18322,1.0
18323,1.0
18324,4.0
18325,1.0
18326,4.0
18327,4.0
18328,4.0
18329,4.0
18330,1.0
18331,4.0
18332,4.0
18333,4.0
18334,4.0
18335,1.0
18336,4.0
18337,4.0
18338,4.0
18339,1.0
18340,4.0
18341,4.0
18342,4.0
18343,1.0
18344,1.0
18345,4.0
18346,4.0
18347,4.0
18348,1.0
18349,4.0
18350,4.0
18351,1.0
18352,4.0
18353,4.0
18354,1.0
18355,4.0
18356,1.0
18357,4.0
18358,4.0
18359,1.0
18360,4.0
18361,1.0
18362,1.0
18363,4.0
18364,4.0
18365,1.0
18366,4.0
18367,4.0
18368,4.0
18369,4.0
18370,1.0
18371,4.0
18372,4.0
18373,1.0
18374,4.0
18375,4.0
18376,1.0
18377,1.0
18378,1.0
18379,1.0
18380,4.0
18381,4.0
18382,4.0
18383,1.0
18384,4.0
18385,1.0
18386,4.0
18387,4.0
18388,4.0
18389,4.0
18390,4.0
18391,4.0
18392,4.0
18393,1.0
18394,1.0
18395,4.0
18396,4.0
18397,1.0
18398,4.0
18399,4.0
18400,4.0
18401,4.0
18402,1.0
18403,4.0
18404,1.0
18405,1.0
18406,4.0
18407,1.0
18408,4.0
18409,1.0
18410,1.0
18411,4.0
18412,1.0
18413,4.0
18414,4.0
18415,4.0
18416,1.0
18417,1.0
18418,1.0
18419,1.0
18420,4.0
18421,4.0
18422,1.0
18423,4.0
18424,1.0
18425,4.0
18426,4.0
18427,1.0
18428,1.0
18429,1.0
18430,1.0
18431,1.0
18432,1.0
18433,1.0
18434,4.0
18435,4.0
18436,1.0
18437,4.0
18438,1.0
18439,4.0
18440,4.0
18441,4.0
18442,1.0
18443,4.0
18444,4.0
18445,4.0
18446,1.0
18447,4.0
18448,1.0
18449,4.0
18450,1.0
18451,4.0
18452,4.0
18453,1.0
18454,1.0
18455,4.0
18456,4.0
18457,4.0
18458,4.0
18459,4.0
18460,1.0
18461,4.0
18462,4.0
18463,4.0
18464,4.0
18465,4.0
18466,4.0
18467,4.0
18468,4.0
18469,1.0
18470,4.0
18471,4.0
18472,1.0
18473,1.0
18474,4.0
18475,1.0
18476,4.0
18477,1.0
18478,4.0
18479,4.0
18480,4.0
18481,4.0
18482,4.0
18483,4.0
18484,4.0
18485,4.0
18486,1.0
18487,1.0
18488,1.0
18489,1.0
18490,4.0
18491,1.0
18492,4.0
18493,4.0
18494,4.0
18495,1.0
18496,1.0
18497,1.0
18498,1.0
18499,4.0
18500,1.0
18501,1.0
18502,4.0
18503,4.0
18504,1.0
18505,1.0
18506,1.0
18507,1.0
18508,4.0
18509,1.0
18510,1.0
18511,1.0
18512,1.0
18513,1.0
18514,1.0
18515,4.0
18516,4.0
18517,4.0
18518,4.0
18519,4.0
18520,4.0
18521,4.0
18522,4.0
18523,4.0
18524,1.0
18525,1.0
18526,4.0
18527,1.0
18528,1.0
18529,4.0
18530,1.0
18531,1.0
18532,4.0
18533,1.0
18534,1.0
18535,4.0
18536,4.0
18537,1.0
18538,4.0
18539,1.0
18540,1.0
18541,1.0
18542,4.0
18543,4.0
18544,4.0
18545,4.0
18546,4.0
18547,4.0
18548,4.0
18549,4.0
18550,1.0
18551,1.0
18552,4.0
18553,1.0
18554,1.0
18555,1.0
18556,1.0
18557,4.0
18558,1.0
18559,4.0
18560,1.0
18561,1.0
18562,4.0
18563,4.0
18564,4.0
18565,4.0
18566,4.0
18567,4.0
18568,1.0
18569,4.0
18570,4.0
18571,4.0
18572,4.0
18573,1.0
18574,4.0
18575,4.0
18576,1.0
18577,4.0
18578,1.0
18579,1.0
18580,1.0
18581,4.0
18582,1.0
18583,4.0
18584,4.0
18585,4.0
18586,4.0
18587,1.0
18588,4.0
18589,4.0
18590,4.0
18591,4.0
18592,1.0
18593,4.0
18594,1.0
18595,1.0
18596,1.0
18597,4.0
18598,4.0
18599,4.0
18600,4.0
18601,1.0
18602,1.0
18603,1.0
18604,4.0
18605,4.0
18606,1.0
18607,4.0
18608,4.0
18609,4.0
18610,1.0
18611,4.0
18612,1.0
18613,4.0
18614,4.0
18615,1.0
18616,4.0
18617,4.0
18618,4.0
18619,1.0
18620,4.0
18621,4.0
18622,4.0
18623,4.0
18624,1.0
18625,1.0
18626,1.0
18627,4.0
18628,1.0
18629,4.0
18630,4.0
18631,4.0
18632,4.0
18633,1.0
18634,4.0
18635,1.0
18636,1.0
18637,4.0
18638,4.0
18639,4.0
18640,1.0
18641,1.0
18642,4.0
18643,4.0
18644,4.0
18645,4.0
18646,4.0
18647,1.0
18648,1.0
18649,1.0
18650,1.0
18651,4.0
18652,1.0
18653,1.0
18654,4.0
18655,1.0
18656,4.0
18657,4.0
18658,4.0
18659,4.0
18660,4.0
18661,4.0
18662,4.0
18663,4.0
18664,1.0
18665,4.0
18666,1.0
18667,4.0
18668,1.0
18669,1.0
18670,1.0
18671,4.0
18672,4.0
18673,1.0
18674,4.0
18675,1.0
18676,4.0
18677,4.0
18678,1.0
18679,1.0
18680,1.0
18681,4.0
18682,1.0
18683,4.0
18684,4.0
18685,1.0
18686,4.0
18687,4.0
18688,4.0
18689,1.0
18690,1.0
18691,1.0
18692,4.0
18693,4.0
18694,4.0
18695,1.0
18696,4.0
18697,4.0
18698,1.0
18699,4.0
18700,4.0
18701,4.0
18702,4.0
18703,4.0
18704,1.0
18705,1.0
18706,1.0
18707,4.0
18708,4.0
18709,1.0
18710,1.0
18711,4.0
18712,4.0
18713,1.0
18714,1.0
18715,1.0
18716,4.0
18717,4.0
18718,4.0
18719,4.0
18720,4.0
18721,4.0
18722,4.0
18723,4.0
18724,4.0
18725,4.0
18726,4.0
18727,4.0
18728,1.0
18729,4.0
18730,4.0
18731,1.0
18732,4.0
18733,4.0
18734,4.0
18735,4.0
18736,1.0
18737,4.0
18738,4.0
18739,4.0
18740,1.0
18741,1.0
18742,1.0
18743,4.0
18744,4.0
18745,4.0
18746,4.0
18747,1.0
18748,4.0
18749,4.0
18750,4.0
18751,4.0
18752,1.0
18753,4.0
18754,4.0
18755,1.0
18756,4.0
18757,4.0
18758,4.0
18759,4.0
18760,1.0
18761,4.0
18762,4.0
18763,4.0
18764,1.0
18765,1.0
18766,4.0
18767,4.0
18768,1.0
18769,4.0
18770,4.0
18771,1.0
18772,1.0
18773,1.0
18774,4.0
18775,4.0
18776,1.0
18777,4.0
18778,1.0
18779,4.0
18780,4.0
18781,4.0
18782,4.0
18783,1.0
18784,4.0
18785,1.0
18786,4.0
18787,4.0
18788,1.0
18789,1.0
18790,4.0
18791,1.0
18792,4.0
18793,4.0
18794,1.0
18795,4.0
18796,4.0
18797,4.0
18798,4.0
18799,1.0
18800,4.0
18801,4.0
18802,1.0
18803,4.0
18804,4.0
18805,4.0
18806,4.0
18807,4.0
18808,4.0
18809,1.0
18810,1.0
18811,4.0
18812,1.0
18813,4.0
18814,1.0
18815,1.0
18816,4.0
18817,1.0
18818,4.0
18819,4.0
18820,4.0
18821,4.0
18822,1.0
18823,1.0
18824,4.0
18825,1.0
18826,1.0
18827,4.0
18828,4.0
18829,4.0
18830,4.0
18831,4.0
18832,4.0
18833,4.0
18834,1.0
18835,4.0
18836,4.0
18837,1.0
18838,4.0
18839,4.0
18840,1.0
18841,1.0
18842,4.0
18843,1.0
18844,1.0
18845,4.0
18846,4.0
18847,4.0
18848,4.0
18849,1.0
18850,4.0
18851,4.0
18852,1.0
18853,4.0
18854,4.0
18855,4.0
18856,4.0
18857,4.0
18858,1.0
18859,4.0
18860,4.0
18861,1.0
18862,4.0
18863,4.0
18864,4.0
18865,1.0
18866,1.0
18867,1.0
18868,4.0
18869,1.0
18870,4.0
18871,4.0
18872,4.0
18873,1.0
18874,4.0
18875,4.0
18876,1.0
18877,1.0
18878,1.0
18879,4.0
18880,4.0
18881,4.0
18882,4.0
18883,4.0
18884,4.0
18885,1.0
18886,1.0
18887,4.0
18888,1.0
18889,4.0
18890,1.0
18891,1.0
18892,4.0
18893,1.0
18894,4.0
18895,4.0
18896,1.0
18897,4.0
18898,1.0
18899,1.0
18900,1.0
18901,4.0
18902,4.0
18903,4.0
18904,1.0
18905,4.0
18906,1.0
18907,4.0
18908,4.0
18909,1.0
18910,4.0
18911,1.0
18912,4.0
18913,1.0
18914,4.0
18915,1.0
18916,4.0
18917,1.0
18918,4.0
18919,4.0
18920,4.0
18921,4.0
18922,4.0
18923,4.0
18924,1.0
18925,4.0
18926,1.0
18927,4.0
18928,4.0
18929,1.0
18930,1.0
18931,1.0
18932,4.0
18933,4.0
18934,1.0
18935,1.0
18936,1.0
18937,1.0
18938,4.0
18939,1.0
18940,1.0
18941,1.0
18942,1.0
18943,1.0
18944,4.0
18945,4.0
18946,1.0
18947,4.0
18948,4.0
18949,1.0
18950,1.0
18951,1.0
18952,4.0
18953,4.0
18954,1.0
18955,4.0
18956,1.0
18957,4.0
18958,4.0
18959,4.0
18960,1.0
18961,1.0
18962,1.0
18963,1.0
18964,4.0
18965,4.0
18966,4.0
18967,4.0
18968,4.0
18969,1.0
18970,4.0
18971,4.0
18972,4.0
18973,4.0
18974,4.0
18975,1.0
18976,4.0
18977,4.0
18978,1.0
18979,1.0
18980,4.0
18981,1.0
18982,4.0
18983,1.0
18984,1.0
18985,1.0
18986,4.0
18987,4.0
18988,4.0
18989,1.0
18990,1.0
18991,1.0
18992,4.0
18993,1.0
18994,4.0
18995,4.0
18996,4.0
18997,4.0
18998,4.0
18999,4.0
19000,1.0
19001,4.0
19002,4.0
19003,1.0
19004,4.0
19005,1.0
19006,4.0
19007,4.0
19008,4.0
19009,4.0
19010,1.0
19011,1.0
19012,4.0
19013,1.0
19014,1.0
19015,4.0
19016,4.0
19017,1.0
19018,1.0
19019,1.0
19020,4.0
19021,4.0
19022,1.0
19023,4.0
19024,1.0
19025,1.0
19026,1.0
19027,1.0
19028,1.0
19029,4.0
19030,4.0
19031,1.0
19032,1.0
19033,1.0
19034,4.0
19035,4.0
19036,4.0
19037,1.0
19038,1.0
19039,4.0
19040,4.0
19041,4.0
19042,4.0
19043,1.0
19044,4.0
19045,4.0
19046,4.0
19047,4.0
19048,4.0
19049,4.0
19050,1.0
19051,1.0
19052,4.0
19053,4.0
19054,4.0
19055,1.0
19056,1.0
19057,1.0
19058,1.0
19059,4.0
19060,4.0
19061,4.0
19062,4.0
19063,1.0
19064,4.0
19065,4.0
19066,1.0
19067,1.0
19068,1.0
19069,1.0
19070,4.0
19071,4.0
19072,4.0
19073,1.0
19074,4.0
19075,4.0
19076,4.0
19077,4.0
19078,4.0
19079,1.0
19080,4.0
19081,1.0
19082,4.0
19083,1.0
19084,4.0
19085,1.0
19086,1.0
19087,4.0
19088,4.0
19089,4.0
19090,1.0
19091,1.0
19092,4.0
19093,4.0
19094,4.0
19095,1.0
19096,4.0
19097,1.0
19098,1.0
19099,4.0
19100,1.0
19101,1.0
19102,1.0
19103,4.0
19104,4.0
19105,1.0
19106,4.0
19107,4.0
19108,4.0
19109,1.0
19110,4.0
19111,4.0
19112,4.0
19113,4.0
19114,4.0
19115,4.0
19116,4.0
19117,1.0
19118,4.0
19119,4.0
19120,4.0
19121,4.0
19122,1.0
19123,1.0
19124,1.0
19125,1.0
19126,1.0
19127,4.0
19128,1.0
19129,4.0
19130,1.0
19131,1.0
19132,1.0
19133,4.0
19134,4.0
19135,4.0
19136,4.0
19137,4.0
19138,1.0
19139,4.0
19140,1.0
19141,4.0
19142,4.0
19143,1.0
19144,1.0
19145,1.0
19146,1.0
19147,4.0
19148,4.0
19149,1.0
19150,1.0
19151,4.0
19152,1.0
19153,4.0
19154,4.0
19155,1.0
19156,1.0
19157,4.0
19158,1.0
19159,4.0
19160,4.0
19161,4.0
19162,4.0
19163,1.0
19164,4.0
19165,4.0
19166,4.0
19167,1.0
19168,4.0
19169,1.0
19170,1.0
19171,4.0
19172,4.0
19173,4.0
19174,4.0
19175,4.0
19176,4.0
19177,4.0
19178,4.0
19179,1.0
19180,1.0
19181,1.0
19182,4.0
19183,1.0
19184,4.0
19185,4.0
19186,1.0
19187,1.0
19188,4.0
19189,4.0
19190,4.0
19191,1.0
19192,4.0
19193,1.0
19194,4.0
19195,4.0
19196,4.0
19197,1.0
19198,4.0
19199,4.0
19200,4.0
19201,4.0
19202,4.0
19203,4.0
19204,1.0
19205,4.0
19206,4.0
19207,4.0
19208,4.0
19209,4.0
19210,4.0
19211,1.0
19212,4.0
19213,4.0
19214,4.0
19215,4.0
19216,4.0
19217,4.0
19218,1.0
19219,1.0
19220,4.0
19221,1.0
19222,4.0
19223,1.0
19224,4.0
19225,4.0
19226,1.0
19227,4.0
19228,4.0
19229,4.0
19230,1.0
19231,1.0
19232,4.0
19233,1.0
19234,1.0
19235,1.0
19236,4.0
19237,4.0
19238,1.0
19239,1.0
19240,1.0
19241,1.0
19242,4.0
19243,4.0
19244,1.0
19245,1.0
19246,4.0
19247,4.0
19248,1.0
19249,4.0
19250,4.0
19251,1.0
19252,4.0
19253,4.0
19254,1.0
19255,4.0
19256,1.0
19257,4.0
19258,4.0
19259,1.0
19260,4.0
19261,1.0
19262,4.0
19263,4.0
19264,4.0
19265,4.0
19266,1.0
19267,4.0
19268,1.0
19269,1.0
19270,4.0
19271,1.0
19272,4.0
19273,1.0
19274,4.0
19275,4.0
19276,1.0
19277,1.0
19278,1.0
19279,4.0
19280,4.0
19281,4.0
19282,1.0
19283,4.0
19284,4.0
19285,4.0
19286,4.0
19287,4.0
19288,1.0
19289,4.0
19290,1.0
19291,4.0
19292,4.0
19293,1.0
19294,1.0
19295,4.0
19296,1.0
19297,4.0
19298,4.0
19299,4.0
19300,4.0
19301,4.0
19302,4.0
19303,4.0
19304,1.0
19305,4.0
19306,4.0
19307,4.0
19308,4.0
19309,4.0
19310,4.0
19311,4.0
19312,1.0
19313,4.0
19314,4.0
19315,4.0
19316,1.0
19317,1.0
19318,4.0
19319,4.0
19320,1.0
19321,1.0
19322,1.0
19323,4.0
19324,1.0
19325,4.0
19326,4.0
19327,4.0
19328,4.0
19329,1.0
19330,1.0
19331,1.0
19332,4.0
19333,1.0
19334,1.0
19335,4.0
19336,4.0
19337,4.0
19338,4.0
19339,4.0
19340,4.0
19341,4.0
19342,1.0
19343,4.0
19344,4.0
19345,4.0
19346,1.0
19347,4.0
19348,1.0
19349,4.0
19350,4.0
19351,4.0
19352,1.0
19353,4.0
19354,1.0
19355,1.0
19356,1.0
19357,4.0
19358,4.0
19359,1.0
19360,4.0
19361,1.0
19362,4.0
19363,4.0
19364,1.0
19365,1.0
19366,4.0
19367,4.0
19368,1.0
19369,4.0
19370,4.0
19371,4.0
19372,1.0
19373,4.0
19374,4.0
19375,4.0
19376,1.0
19377,1.0
19378,1.0
19379,4.0
19380,4.0
19381,1.0
19382,1.0
19383,4.0
19384,1.0
19385,1.0
19386,4.0
19387,4.0
19388,4.0
19389,4.0
19390,4.0
19391,1.0
19392,4.0
19393,4.0
19394,4.0
19395,4.0
19396,4.0
19397,1.0
19398,4.0
19399,1.0
19400,4.0
19401,1.0
19402,1.0
19403,4.0
19404,4.0
19405,1.0
19406,4.0
19407,4.0
19408,1.0
19409,1.0
19410,4.0
19411,1.0
19412,4.0
19413,4.0
19414,1.0
19415,4.0
19416,4.0
19417,4.0
19418,4.0
19419,1.0
19420,1.0
19421,4.0
19422,4.0
19423,4.0
19424,4.0
19425,4.0
19426,4.0
19427,4.0
19428,1.0
19429,4.0
19430,1.0
19431,1.0
19432,4.0
19433,4.0
19434,1.0
19435,1.0
19436,4.0
19437,4.0
19438,1.0
19439,4.0
19440,4.0
19441,4.0
19442,1.0
19443,1.0
19444,4.0
19445,1.0
19446,4.0
19447,4.0
19448,4.0
19449,1.0
19450,4.0
19451,1.0
19452,4.0
19453,1.0
19454,1.0
19455,1.0
19456,1.0
19457,4.0
19458,1.0
19459,4.0
19460,1.0
19461,4.0
19462,4.0
19463,4.0
19464,4.0
19465,1.0
19466,1.0
19467,1.0
19468,4.0
19469,1.0
19470,1.0
19471,4.0
19472,4.0
19473,4.0
19474,4.0
19475,4.0
19476,1.0
19477,1.0
19478,4.0
19479,4.0
19480,1.0
19481,4.0
19482,4.0
19483,4.0
19484,4.0
19485,1.0
19486,4.0
19487,4.0
19488,4.0
19489,4.0
19490,1.0
19491,1.0
19492,4.0
19493,1.0
19494,1.0
19495,4.0
19496,1.0
19497,4.0
19498,4.0
19499,4.0
19500,1.0
19501,4.0
19502,1.0
19503,4.0
19504,4.0
19505,4.0
19506,1.0
19507,4.0
19508,1.0
19509,1.0
19510,1.0
19511,4.0
19512,1.0
19513,4.0
19514,1.0
19515,1.0
19516,1.0
19517,4.0
19518,4.0
19519,4.0
19520,1.0
19521,4.0
19522,4.0
19523,1.0
19524,4.0
19525,1.0
19526,4.0
19527,1.0
19528,1.0
19529,4.0
19530,4.0
19531,1.0
19532,1.0
19533,4.0
19534,4.0
19535,1.0
19536,4.0
19537,4.0
19538,1.0
19539,1.0
19540,4.0
19541,4.0
19542,4.0
19543,1.0
19544,4.0
19545,1.0
19546,1.0
19547,1.0
19548,4.0
19549,4.0
19550,4.0
19551,1.0
19552,1.0
19553,1.0
19554,1.0
19555,4.0
19556,4.0
19557,4.0
19558,1.0
19559,1.0
19560,4.0
19561,4.0
19562,4.0
19563,4.0
19564,4.0
19565,1.0
19566,1.0
19567,4.0
19568,4.0
19569,1.0
19570,4.0
19571,1.0
19572,1.0
19573,4.0
19574,1.0
19575,1.0
19576,4.0
19577,4.0
19578,1.0
19579,1.0
19580,4.0
19581,1.0
19582,4.0
19583,4.0
19584,1.0
19585,1.0
19586,4.0
19587,1.0
19588,4.0
19589,1.0
19590,4.0
19591,1.0
19592,4.0
19593,4.0
19594,1.0
19595,4.0
19596,4.0
19597,4.0
19598,1.0
19599,1.0
19600,4.0
19601,4.0
19602,1.0
19603,1.0
19604,4.0
19605,4.0
19606,1.0
19607,4.0
19608,1.0
19609,4.0
19610,4.0
19611,4.0
19612,1.0
19613,4.0
19614,4.0
19615,1.0
19616,4.0
19617,4.0
19618,4.0
19619,4.0
19620,4.0
19621,1.0
19622,4.0
19623,4.0
19624,4.0
19625,4.0
19626,1.0
19627,4.0
19628,4.0
19629,1.0
19630,1.0
19631,4.0
19632,1.0
19633,4.0
19634,4.0
19635,4.0
19636,1.0
19637,1.0
19638,1.0
19639,1.0
19640,4.0
19641,1.0
19642,4.0
19643,1.0
19644,1.0
19645,4.0
19646,4.0
19647,1.0
19648,4.0
19649,1.0
19650,4.0
19651,1.0
19652,1.0
19653,4.0
19654,1.0
19655,4.0
19656,4.0
19657,4.0
19658,4.0
19659,1.0
19660,1.0
19661,1.0
19662,4.0
19663,4.0
19664,4.0
19665,4.0
19666,1.0
19667,1.0
19668,1.0
19669,1.0
19670,4.0
19671,1.0
19672,4.0
19673,4.0
19674,4.0
19675,4.0
19676,4.0
19677,4.0
19678,4.0
19679,1.0
19680,1.0
19681,4.0
19682,1.0
19683,1.0
19684,4.0
19685,4.0
19686,4.0
19687,4.0
19688,1.0
19689,4.0
19690,4.0
19691,4.0
19692,4.0
19693,4.0
19694,4.0
19695,1.0
19696,4.0
19697,1.0
19698,4.0
19699,4.0
19700,1.0
19701,4.0
19702,4.0
19703,4.0
19704,1.0
19705,4.0
19706,1.0
19707,4.0
19708,4.0
19709,1.0
19710,1.0
19711,1.0
19712,4.0
19713,4.0
19714,4.0
19715,1.0
19716,4.0
19717,4.0
19718,4.0
19719,4.0
19720,4.0
19721,1.0
19722,1.0
19723,4.0
19724,4.0
19725,4.0
19726,4.0
19727,1.0
19728,4.0
19729,4.0
19730,1.0
19731,1.0
19732,4.0
19733,1.0
19734,1.0
19735,4.0
19736,1.0
19737,1.0
19738,4.0
19739,4.0
19740,1.0
19741,1.0
19742,4.0
19743,4.0
19744,4.0
19745,1.0
19746,4.0
19747,1.0
19748,1.0
19749,4.0
19750,4.0
19751,4.0
19752,1.0
19753,4.0
19754,4.0
19755,1.0
19756,1.0
19757,1.0
19758,1.0
19759,4.0
19760,1.0
19761,4.0
19762,4.0
19763,1.0
19764,1.0
19765,4.0
19766,1.0
19767,1.0
19768,4.0
19769,4.0
19770,1.0
19771,4.0
19772,1.0
19773,4.0
19774,1.0
19775,1.0
19776,4.0
19777,4.0
19778,4.0
19779,1.0
19780,4.0
19781,4.0
19782,4.0
19783,1.0
19784,1.0
19785,4.0
19786,4.0
19787,4.0
19788,4.0
19789,1.0
19790,1.0
19791,1.0
19792,1.0
19793,1.0
19794,4.0
19795,4.0
19796,1.0
19797,1.0
19798,4.0
19799,4.0
19800,4.0
19801,4.0
19802,1.0
19803,4.0
19804,4.0
19805,1.0
19806,4.0
19807,1.0
19808,4.0
19809,4.0
19810,4.0
19811,1.0
19812,1.0
19813,1.0
19814,4.0
19815,4.0
19816,4.0
19817,4.0
19818,1.0
19819,4.0
19820,4.0
19821,1.0
19822,4.0
19823,4.0
19824,4.0
19825,4.0
19826,4.0
19827,1.0
19828,4.0
19829,1.0
19830,4.0
19831,4.0
19832,1.0
19833,1.0
19834,1.0
19835,1.0
19836,4.0
19837,1.0
19838,4.0
19839,1.0
19840,4.0
19841,1.0
19842,4.0
19843,1.0
19844,4.0
19845,4.0
19846,4.0
19847,4.0
19848,1.0
19849,1.0
19850,1.0
19851,4.0
19852,4.0
19853,1.0
19854,1.0
19855,1.0
19856,4.0
19857,1.0
19858,1.0
19859,1.0
19860,1.0
19861,4.0
19862,4.0
19863,1.0
19864,1.0
19865,4.0
19866,1.0
19867,1.0
19868,4.0
19869,1.0
19870,1.0
19871,4.0
19872,1.0
19873,1.0
19874,4.0
19875,4.0
19876,4.0
19877,1.0
19878,4.0
19879,1.0
19880,4.0
19881,4.0
19882,4.0
19883,1.0
19884,1.0
19885,4.0
19886,4.0
19887,4.0
19888,4.0
19889,1.0
19890,4.0
19891,1.0
19892,1.0
19893,4.0
19894,1.0
19895,4.0
19896,4.0
19897,1.0
19898,1.0
19899,4.0
19900,4.0
19901,1.0
19902,4.0
19903,4.0
19904,4.0
19905,1.0
19906,4.0
19907,4.0
19908,1.0
19909,4.0
19910,1.0
19911,4.0
19912,1.0
19913,4.0
19914,4.0
19915,1.0
19916,4.0
19917,4.0
19918,4.0
19919,1.0
19920,1.0
19921,4.0
19922,1.0
19923,1.0
19924,1.0
19925,1.0
19926,1.0
19927,4.0
19928,1.0
19929,1.0
19930,1.0
19931,4.0
19932,4.0
19933,1.0
19934,4.0
19935,1.0
19936,4.0
19937,1.0
19938,4.0
19939,1.0
19940,1.0
19941,4.0
19942,4.0
19943,4.0
19944,4.0
19945,4.0
19946,4.0
19947,4.0
19948,4.0
19949,1.0
19950,4.0
19951,4.0
19952,1.0
19953,4.0
19954,4.0
19955,4.0
19956,1.0
19957,4.0
19958,4.0
19959,4.0
19960,4.0
19961,4.0
19962,1.0
19963,1.0
19964,1.0
19965,4.0
19966,4.0
19967,1.0
19968,1.0
19969,4.0
19970,4.0
19971,1.0
19972,4.0
19973,4.0
19974,4.0
19975,4.0
19976,4.0
19977,1.0
19978,4.0
19979,1.0
19980,4.0
19981,1.0
19982,4.0
19983,4.0
19984,4.0
19985,4.0
19986,4.0
19987,4.0
19988,1.0
19989,1.0
19990,4.0
19991,1.0
19992,4.0
19993,4.0
19994,4.0
19995,1.0
19996,4.0
19997,1.0
19998,4.0
19999,4.0
20000,4.0
20001,1.0
20002,1.0
20003,4.0
20004,1.0
20005,4.0
20006,4.0
20007,4.0
20008,1.0
20009,4.0
20010,4.0
20011,4.0
20012,4.0
20013,1.0
20014,4.0
20015,1.0
20016,4.0
20017,4.0
20018,4.0
20019,4.0
20020,4.0
20021,4.0
20022,4.0
20023,4.0
20024,1.0
20025,1.0
20026,1.0
20027,4.0
20028,4.0
20029,1.0
20030,1.0
20031,4.0
20032,1.0
20033,1.0
20034,4.0
20035,1.0
20036,1.0
20037,4.0
20038,4.0
20039,4.0
20040,1.0
20041,4.0
20042,4.0
20043,1.0
20044,1.0
20045,4.0
20046,4.0
20047,1.0
20048,1.0
20049,1.0
20050,4.0
20051,4.0
20052,4.0
20053,1.0
20054,1.0
20055,4.0
20056,4.0
20057,4.0
20058,4.0
20059,4.0
20060,4.0
20061,4.0
20062,1.0
20063,4.0
20064,4.0
20065,4.0
20066,1.0
20067,4.0
20068,4.0
20069,1.0
20070,4.0
20071,4.0
20072,1.0
20073,4.0
20074,1.0
20075,1.0
20076,4.0
20077,4.0
20078,4.0
20079,1.0
20080,4.0
20081,4.0
20082,4.0
20083,4.0
20084,1.0
20085,4.0
20086,1.0
20087,1.0
20088,4.0
20089,4.0
20090,1.0
20091,4.0
20092,4.0
20093,4.0
20094,4.0
20095,4.0
20096,1.0
20097,1.0
20098,4.0
20099,4.0
20100,4.0
20101,1.0
20102,4.0
20103,4.0
20104,1.0
20105,4.0
20106,4.0
20107,1.0
20108,4.0
20109,1.0
20110,4.0
20111,1.0
20112,4.0
20113,4.0
20114,4.0
20115,4.0
20116,4.0
20117,4.0
20118,4.0
20119,4.0
20120,4.0
20121,4.0
20122,4.0
20123,4.0
20124,4.0
20125,4.0
20126,4.0
20127,1.0
20128,4.0
20129,4.0
20130,4.0
20131,1.0
20132,1.0
20133,1.0
20134,1.0
20135,4.0
20136,1.0
20137,4.0
20138,4.0
20139,1.0
20140,1.0
20141,4.0
20142,1.0
20143,1.0
20144,4.0
20145,1.0
20146,4.0
20147,4.0
20148,4.0
20149,1.0
20150,1.0
20151,4.0
20152,1.0
20153,4.0
20154,4.0
20155,1.0
20156,4.0
20157,1.0
20158,4.0
20159,4.0
20160,4.0
20161,4.0
20162,1.0
20163,4.0
20164,1.0
20165,1.0
20166,4.0
20167,1.0
20168,1.0
20169,4.0
20170,4.0
20171,1.0
20172,4.0
20173,4.0
20174,1.0
20175,4.0
20176,4.0
20177,4.0
20178,1.0
20179,1.0
20180,1.0
20181,4.0
20182,4.0
20183,1.0
20184,4.0
20185,4.0
20186,4.0
20187,4.0
20188,4.0
20189,1.0
20190,4.0
20191,4.0
20192,4.0
20193,1.0
20194,1.0
20195,4.0
20196,4.0
20197,4.0
20198,4.0
20199,4.0
20200,4.0
20201,1.0
20202,4.0
20203,4.0
20204,4.0
20205,4.0
20206,1.0
20207,4.0
20208,1.0
20209,4.0
20210,4.0
20211,1.0
20212,1.0
20213,1.0
20214,1.0
20215,4.0
20216,1.0
20217,1.0
20218,4.0
20219,1.0
20220,4.0
20221,1.0
20222,4.0
20223,4.0
20224,4.0
20225,4.0
20226,1.0
20227,1.0
20228,1.0
20229,4.0
20230,4.0
20231,4.0
20232,1.0
20233,1.0
20234,4.0
20235,4.0
20236,4.0
20237,4.0
20238,4.0
20239,1.0
20240,1.0
20241,4.0
20242,1.0
20243,1.0
20244,4.0
20245,1.0
20246,1.0
20247,4.0
20248,1.0
20249,4.0
20250,1.0
20251,1.0
20252,4.0
20253,1.0
20254,4.0
20255,4.0
20256,4.0
20257,1.0
20258,4.0
20259,1.0
20260,1.0
20261,1.0
20262,4.0
20263,4.0
20264,1.0
20265,4.0
20266,4.0
20267,4.0
20268,4.0
20269,1.0
20270,1.0
20271,4.0
20272,4.0
20273,1.0
20274,4.0
20275,4.0
20276,1.0
20277,1.0
20278,4.0
20279,1.0
20280,1.0
20281,1.0
20282,4.0
20283,1.0
20284,4.0
20285,4.0
20286,4.0
20287,4.0
20288,4.0
20289,4.0
20290,1.0
20291,4.0
20292,4.0
20293,4.0
20294,1.0
20295,4.0
20296,1.0
20297,4.0
20298,4.0
20299,1.0
20300,4.0
20301,4.0
20302,1.0
20303,4.0
20304,1.0
20305,1.0
20306,1.0
20307,4.0
20308,4.0
20309,4.0
20310,4.0
20311,4.0
20312,1.0
20313,1.0
20314,1.0
20315,4.0
20316,4.0
20317,1.0
20318,1.0
20319,1.0
20320,1.0
20321,1.0
20322,4.0
20323,1.0
20324,4.0
20325,4.0
20326,4.0
20327,1.0
20328,4.0
20329,4.0
20330,4.0
20331,1.0
20332,4.0
20333,1.0
20334,1.0
20335,1.0
20336,4.0
20337,4.0
20338,4.0
20339,1.0
20340,4.0
20341,1.0
20342,4.0
20343,4.0
20344,1.0
20345,1.0
20346,4.0
20347,1.0
20348,4.0
20349,1.0
20350,4.0
20351,1.0
20352,1.0
20353,4.0
20354,4.0
20355,1.0
20356,4.0
20357,4.0
20358,4.0
20359,1.0
20360,1.0
20361,4.0
20362,1.0
20363,1.0
20364,1.0
20365,4.0
20366,4.0
20367,1.0
20368,4.0
20369,1.0
20370,1.0
20371,1.0
20372,4.0
20373,4.0
20374,1.0
20375,1.0
20376,1.0
20377,4.0
20378,1.0
20379,1.0
20380,1.0
20381,4.0
20382,4.0
20383,1.0
20384,1.0
20385,1.0
20386,1.0
20387,4.0
20388,4.0
20389,1.0
20390,4.0
20391,1.0
20392,4.0
20393,4.0
20394,4.0
20395,1.0
20396,1.0
20397,1.0
20398,1.0
20399,4.0
20400,4.0
20401,4.0
20402,4.0
20403,1.0
20404,4.0
20405,4.0
20406,4.0
20407,4.0
20408,4.0
20409,1.0
20410,1.0
20411,4.0
20412,1.0
20413,1.0
20414,1.0
20415,4.0
20416,4.0
20417,4.0
20418,4.0
20419,1.0
20420,1.0
20421,1.0
20422,1.0
20423,4.0
20424,1.0
20425,1.0
20426,1.0
20427,4.0
20428,4.0
20429,4.0
20430,4.0
20431,4.0
20432,4.0
20433,4.0
20434,4.0
20435,4.0
20436,1.0
20437,1.0
20438,4.0
20439,4.0
20440,1.0
20441,1.0
20442,1.0
20443,1.0
20444,4.0
20445,4.0
20446,4.0
20447,1.0
20448,1.0
20449,1.0
20450,1.0
20451,4.0
20452,4.0
20453,4.0
20454,4.0
20455,1.0
20456,1.0
20457,1.0
20458,4.0
20459,4.0
20460,4.0
20461,4.0
20462,1.0
20463,4.0
20464,4.0
20465,4.0
20466,1.0
20467,1.0
20468,4.0
20469,4.0
20470,4.0
20471,4.0
20472,4.0
20473,4.0
20474,1.0
20475,4.0
20476,4.0
20477,1.0
20478,4.0
20479,1.0
20480,1.0
20481,1.0
20482,1.0
20483,4.0
20484,4.0
20485,4.0
20486,1.0
20487,4.0
20488,4.0
20489,4.0
20490,1.0
20491,4.0
20492,4.0
20493,1.0
20494,4.0
20495,1.0
20496,4.0
20497,4.0
20498,4.0
20499,4.0
20500,1.0
20501,4.0
20502,4.0
20503,4.0
20504,4.0
20505,4.0
20506,4.0
20507,1.0
20508,4.0
20509,4.0
20510,4.0
20511,4.0
20512,4.0
20513,4.0
20514,4.0
20515,4.0
20516,1.0
20517,4.0
20518,4.0
20519,4.0
20520,4.0
20521,4.0
20522,4.0
20523,4.0
20524,4.0
20525,4.0
20526,4.0
20527,1.0
20528,4.0
20529,1.0
20530,4.0
20531,4.0
20532,1.0
20533,4.0
20534,4.0
20535,1.0
20536,4.0
20537,4.0
20538,1.0
20539,1.0
20540,1.0
20541,4.0
20542,4.0
20543,4.0
20544,1.0
20545,4.0
20546,4.0
20547,4.0
20548,4.0
20549,4.0
20550,1.0
20551,4.0
20552,1.0
20553,4.0
20554,4.0
20555,1.0
20556,1.0
20557,1.0
20558,4.0
20559,1.0
20560,4.0
20561,4.0
20562,1.0
20563,1.0
20564,1.0
20565,1.0
20566,1.0
20567,1.0
20568,4.0
20569,4.0
20570,1.0
20571,1.0
20572,4.0
20573,4.0
20574,4.0
20575,4.0
20576,4.0
20577,4.0
20578,1.0
20579,1.0
20580,4.0
20581,1.0
20582,4.0
20583,4.0
20584,4.0
20585,4.0
20586,4.0
20587,4.0
20588,1.0
20589,4.0
20590,4.0
20591,1.0
20592,4.0
20593,1.0
20594,1.0
20595,1.0
20596,4.0
20597,4.0
20598,4.0
20599,1.0
20600,1.0
20601,1.0
20602,1.0
20603,4.0
20604,4.0
20605,4.0
20606,1.0
20607,1.0
20608,4.0
20609,1.0
20610,4.0
20611,4.0
20612,4.0
20613,1.0
20614,4.0
20615,4.0
20616,4.0
20617,4.0
20618,4.0
20619,1.0
20620,1.0
20621,4.0
20622,4.0
20623,4.0
20624,4.0
20625,4.0
20626,4.0
20627,4.0
20628,4.0
20629,1.0
20630,4.0
20631,4.0
20632,4.0
20633,4.0
20634,1.0
20635,4.0
20636,1.0
20637,1.0
20638,1.0
20639,4.0
20640,4.0
20641,1.0
20642,1.0
20643,4.0
20644,1.0
20645,1.0
20646,4.0
20647,1.0
20648,4.0
20649,1.0
20650,4.0
20651,4.0
20652,4.0
20653,4.0
20654,4.0
20655,1.0
20656,4.0
20657,4.0
20658,4.0
20659,4.0
20660,1.0
20661,1.0
20662,1.0
20663,4.0
20664,1.0
20665,1.0
20666,4.0
20667,4.0
20668,1.0
20669,1.0
20670,4.0
20671,4.0
20672,1.0
20673,4.0
20674,1.0
20675,4.0
20676,4.0
20677,1.0
20678,4.0
20679,1.0
20680,1.0
20681,1.0
20682,4.0
20683,4.0
20684,1.0
20685,4.0
20686,4.0
20687,1.0
20688,1.0
20689,4.0
20690,4.0
20691,1.0
20692,4.0
20693,4.0
20694,4.0
20695,4.0
20696,4.0
20697,1.0
20698,4.0
20699,1.0
20700,1.0
20701,4.0
20702,1.0
20703,1.0
20704,1.0
20705,4.0
20706,1.0
20707,4.0
20708,1.0
20709,4.0
20710,4.0
20711,4.0
20712,4.0
20713,4.0
20714,1.0
20715,4.0
20716,4.0
20717,4.0
20718,1.0
20719,1.0
20720,4.0
20721,4.0
20722,4.0
20723,1.0
20724,4.0
20725,1.0
20726,4.0
20727,1.0
20728,4.0
20729,4.0
20730,4.0
20731,4.0
20732,4.0
20733,4.0
20734,1.0
20735,1.0
20736,4.0
20737,4.0
20738,4.0
20739,4.0
20740,4.0
20741,4.0
20742,4.0
20743,4.0
20744,1.0
20745,4.0
20746,1.0
20747,1.0
20748,4.0
20749,1.0
20750,1.0
20751,1.0
20752,4.0
20753,4.0
20754,4.0
20755,4.0
20756,4.0
20757,1.0
20758,1.0
20759,4.0
20760,1.0
20761,1.0
20762,1.0
20763,1.0
20764,1.0
20765,1.0
20766,1.0
20767,1.0
20768,4.0
20769,4.0
20770,4.0
20771,4.0
20772,4.0
20773,4.0
20774,1.0
20775,1.0
20776,4.0
20777,4.0
20778,1.0
20779,1.0
20780,4.0
20781,4.0
20782,4.0
20783,4.0
20784,4.0
20785,4.0
20786,4.0
20787,4.0
20788,4.0
20789,4.0
20790,4.0
20791,4.0
20792,4.0
20793,4.0
20794,1.0
20795,4.0
20796,4.0
20797,1.0
20798,4.0
20799,4.0
20800,1.0
20801,4.0
20802,4.0
20803,1.0
20804,4.0
20805,1.0
20806,4.0
20807,4.0
20808,1.0
20809,4.0
20810,4.0
20811,1.0
20812,4.0
20813,1.0
20814,4.0
20815,1.0
20816,1.0
20817,4.0
20818,1.0
20819,1.0
20820,1.0
20821,4.0
20822,4.0
20823,4.0
20824,1.0
20825,4.0
20826,4.0
20827,1.0
20828,4.0
20829,1.0
20830,4.0
20831,1.0
20832,4.0
20833,4.0
20834,1.0
20835,4.0
20836,1.0
20837,4.0
20838,1.0
20839,1.0
20840,4.0
20841,4.0
20842,1.0
20843,4.0
20844,4.0
20845,4.0
20846,4.0
20847,1.0
20848,4.0
20849,4.0
20850,4.0
20851,4.0
20852,1.0
20853,4.0
20854,4.0
20855,1.0
20856,1.0
20857,4.0
20858,4.0
20859,1.0
20860,1.0
20861,4.0
20862,4.0
20863,4.0
20864,4.0
20865,4.0
20866,1.0
20867,1.0
20868,4.0
20869,1.0
20870,4.0
20871,4.0
20872,4.0
20873,4.0
20874,4.0
20875,4.0
20876,4.0
20877,1.0
20878,1.0
20879,4.0
20880,4.0
20881,4.0
20882,1.0
20883,4.0
20884,4.0
20885,1.0
20886,4.0
20887,4.0
20888,1.0
20889,4.0
20890,4.0
20891,4.0
20892,4.0
20893,4.0
20894,4.0
20895,1.0
20896,4.0
20897,4.0
20898,1.0
20899,1.0
20900,1.0
20901,1.0
20902,4.0
20903,4.0
20904,4.0
20905,1.0
20906,4.0
20907,4.0
20908,1.0
20909,1.0
20910,1.0
20911,1.0
20912,4.0
20913,4.0
20914,4.0
20915,4.0
20916,1.0
20917,1.0
20918,4.0
20919,4.0
20920,4.0
20921,1.0
20922,1.0
20923,4.0
20924,4.0
20925,1.0
20926,4.0
20927,1.0
20928,1.0
20929,1.0
20930,1.0
20931,1.0
20932,4.0
20933,1.0
20934,4.0
20935,1.0
20936,1.0
20937,1.0
20938,1.0
20939,4.0
20940,4.0
20941,4.0
20942,1.0
20943,4.0
20944,1.0
20945,4.0
20946,1.0
20947,4.0
20948,4.0
20949,4.0
20950,4.0
20951,4.0
20952,1.0
20953,1.0
20954,1.0
20955,4.0
20956,4.0
20957,1.0
20958,1.0
20959,4.0
20960,4.0
20961,1.0
20962,4.0
20963,4.0
20964,4.0
20965,1.0
20966,1.0
20967,1.0
20968,4.0
20969,4.0
20970,4.0
20971,4.0
20972,4.0
20973,4.0
20974,4.0
20975,1.0
20976,1.0
20977,1.0
20978,1.0
20979,4.0
20980,1.0
20981,4.0
20982,4.0
20983,1.0
20984,4.0
20985,1.0
20986,1.0
20987,4.0
20988,4.0
20989,4.0
20990,4.0
20991,4.0
20992,4.0
20993,1.0
20994,1.0
20995,1.0
20996,1.0
20997,4.0
20998,1.0
20999,1.0
21000,4.0
21001,4.0
21002,4.0
21003,4.0
21004,1.0
21005,4.0
21006,4.0
21007,4.0
21008,1.0
21009,4.0
21010,4.0
21011,1.0
21012,4.0
21013,1.0
21014,1.0
21015,4.0
21016,4.0
21017,1.0
21018,1.0
21019,1.0
21020,4.0
21021,1.0
21022,1.0
21023,4.0
21024,4.0
21025,4.0
21026,1.0
21027,4.0
21028,4.0
21029,1.0
21030,4.0
21031,1.0
21032,4.0
21033,1.0
21034,4.0
21035,1.0
21036,4.0
21037,1.0
21038,1.0
21039,1.0
21040,4.0
21041,1.0
21042,4.0
21043,4.0
21044,4.0
21045,4.0
21046,1.0
21047,4.0
21048,4.0
21049,4.0
21050,1.0
21051,4.0
21052,4.0
21053,1.0
21054,4.0
21055,4.0
21056,4.0
21057,4.0
21058,1.0
21059,1.0
21060,4.0
21061,1.0
21062,1.0
21063,4.0
21064,1.0
21065,4.0
21066,1.0
21067,4.0
21068,1.0
21069,1.0
21070,4.0
21071,1.0
21072,4.0
21073,4.0
21074,1.0
21075,4.0
21076,4.0
21077,1.0
21078,1.0
21079,4.0
21080,4.0
21081,1.0
21082,1.0
21083,4.0
21084,4.0
21085,4.0
21086,1.0
21087,1.0
21088,4.0
21089,4.0
21090,1.0
21091,4.0
21092,4.0
21093,1.0
21094,4.0
21095,4.0
21096,4.0
21097,4.0
21098,1.0
21099,1.0
21100,4.0
21101,4.0
21102,1.0
21103,1.0
21104,4.0
21105,1.0
21106,1.0
21107,4.0
21108,4.0
21109,1.0
21110,4.0
21111,4.0
21112,1.0
21113,4.0
21114,1.0
21115,1.0
21116,1.0
21117,1.0
21118,1.0
21119,4.0
21120,4.0
21121,1.0
21122,4.0
21123,4.0
21124,1.0
21125,4.0
21126,4.0
21127,4.0
21128,1.0
21129,4.0
21130,1.0
21131,4.0
21132,1.0
21133,4.0
21134,1.0
21135,4.0
21136,4.0
21137,1.0
21138,1.0
21139,4.0
21140,1.0
21141,1.0
21142,4.0
21143,1.0
21144,4.0
21145,4.0
21146,4.0
21147,1.0
21148,4.0
21149,1.0
21150,1.0
21151,1.0
21152,1.0
21153,1.0
21154,4.0
21155,4.0
21156,1.0
21157,1.0
21158,4.0
21159,4.0
21160,1.0
21161,4.0
21162,1.0
21163,4.0
21164,4.0
21165,4.0
21166,4.0
21167,1.0
21168,1.0
21169,4.0
21170,4.0
21171,1.0
21172,1.0
21173,4.0
21174,1.0
21175,1.0
21176,1.0
21177,4.0
21178,4.0
21179,1.0
21180,4.0
21181,4.0
21182,1.0
21183,1.0
21184,4.0
21185,4.0
21186,4.0
21187,1.0
21188,4.0
21189,4.0
21190,1.0
21191,4.0
21192,4.0
21193,1.0
21194,1.0
21195,1.0
21196,1.0
21197,4.0
21198,4.0
21199,4.0
21200,4.0
21201,1.0
21202,1.0
21203,1.0
21204,4.0
21205,1.0
21206,4.0
21207,4.0
21208,1.0
21209,1.0
21210,4.0
21211,1.0
21212,1.0
21213,4.0
21214,4.0
21215,1.0
21216,4.0
21217,4.0
21218,4.0
21219,1.0
21220,4.0
21221,1.0
21222,4.0
21223,4.0
21224,1.0
21225,4.0
21226,1.0
21227,4.0
21228,4.0
21229,4.0
21230,4.0
21231,1.0
21232,4.0
21233,4.0
21234,1.0
21235,4.0
21236,4.0
21237,4.0
21238,4.0
21239,4.0
21240,1.0
21241,1.0
21242,1.0
21243,1.0
21244,4.0
21245,1.0
21246,4.0
21247,4.0
21248,4.0
21249,4.0
21250,4.0
21251,1.0
21252,1.0
21253,1.0
21254,1.0
21255,4.0
21256,4.0
21257,4.0
21258,4.0
21259,1.0
21260,1.0
21261,4.0
21262,4.0
21263,4.0
21264,4.0
21265,1.0
21266,4.0
21267,1.0
21268,4.0
21269,4.0
21270,4.0
21271,4.0
21272,4.0
21273,4.0
21274,4.0
21275,4.0
21276,1.0
21277,4.0
21278,4.0
21279,4.0
21280,1.0
21281,1.0
21282,4.0
21283,1.0
21284,4.0
21285,4.0
21286,4.0
21287,4.0
21288,1.0
21289,4.0
21290,1.0
21291,4.0
21292,1.0
21293,4.0
21294,4.0
21295,4.0
21296,4.0
21297,4.0
21298,4.0
21299,1.0
21300,1.0
21301,4.0
21302,4.0
21303,4.0
21304,1.0
21305,4.0
21306,4.0
21307,4.0
21308,1.0
21309,1.0
21310,1.0
21311,4.0
21312,4.0
21313,4.0
21314,4.0
21315,4.0
21316,4.0
21317,4.0
21318,1.0
21319,4.0
21320,1.0
21321,4.0
21322,1.0
21323,1.0
21324,4.0
21325,1.0
21326,4.0
21327,1.0
21328,4.0
21329,4.0
21330,1.0
21331,1.0
21332,1.0
21333,1.0
21334,4.0
21335,4.0
21336,1.0
21337,1.0
21338,1.0
21339,4.0
21340,4.0
21341,1.0
21342,4.0
21343,4.0
21344,4.0
21345,1.0
21346,4.0
21347,4.0
21348,4.0
21349,4.0
21350,4.0
21351,4.0
21352,1.0
21353,4.0
21354,1.0
21355,4.0
21356,1.0
21357,4.0
21358,4.0
21359,4.0
21360,1.0
21361,4.0
21362,1.0
21363,4.0
21364,1.0
21365,1.0
21366,1.0
21367,1.0
21368,4.0
21369,4.0
21370,1.0
21371,4.0
21372,4.0
21373,1.0
21374,4.0
21375,1.0
21376,4.0
21377,1.0
21378,4.0
21379,4.0
21380,1.0
21381,4.0
21382,4.0
21383,4.0
21384,4.0
21385,4.0
21386,4.0
21387,4.0
21388,4.0
21389,1.0
21390,4.0
21391,4.0
21392,4.0
21393,4.0
21394,1.0
21395,1.0
21396,4.0
21397,4.0
21398,4.0
21399,1.0
21400,4.0
21401,4.0
21402,1.0
21403,1.0
21404,1.0
21405,4.0
21406,1.0
21407,1.0
21408,4.0
21409,4.0
21410,1.0
21411,1.0
21412,4.0
21413,1.0
21414,4.0
21415,1.0
21416,4.0
21417,4.0
21418,1.0
21419,1.0
21420,1.0
21421,1.0
21422,1.0
21423,4.0
21424,1.0
21425,1.0
21426,4.0
21427,4.0
21428,4.0
21429,1.0
21430,4.0
21431,4.0
21432,4.0
21433,4.0
21434,4.0
21435,4.0
21436,1.0
21437,1.0
21438,1.0
21439,4.0
21440,4.0
21441,4.0
21442,4.0
21443,4.0
21444,1.0
21445,4.0
21446,1.0
21447,4.0
21448,4.0
21449,4.0
21450,4.0
21451,1.0
21452,1.0
21453,1.0
21454,4.0
21455,4.0
21456,1.0
21457,1.0
21458,4.0
21459,4.0
21460,4.0
21461,4.0
21462,4.0
21463,1.0
21464,1.0
21465,4.0
21466,1.0
21467,1.0
21468,4.0
21469,4.0
21470,4.0
21471,1.0
21472,1.0
21473,1.0
21474,4.0
21475,4.0
21476,4.0
21477,4.0
21478,1.0
21479,4.0
21480,4.0
21481,4.0
21482,1.0
21483,4.0
21484,4.0
21485,4.0
21486,1.0
21487,4.0
21488,1.0
21489,4.0
21490,4.0
21491,1.0
21492,4.0
21493,4.0
21494,1.0
21495,1.0
21496,4.0
21497,4.0
21498,4.0
21499,4.0
21500,1.0
21501,1.0
21502,4.0
21503,4.0
21504,1.0
21505,1.0
21506,4.0
21507,1.0
21508,1.0
21509,1.0
21510,1.0
21511,1.0
21512,4.0
21513,4.0
21514,1.0
21515,4.0
21516,4.0
21517,1.0
21518,1.0
21519,4.0
21520,4.0
21521,4.0
21522,1.0
21523,4.0
21524,4.0
21525,1.0
21526,4.0
21527,4.0
21528,4.0
21529,1.0
21530,4.0
21531,1.0
21532,1.0
21533,1.0
21534,4.0
21535,4.0
21536,4.0
21537,4.0
21538,1.0
21539,4.0
21540,1.0
21541,4.0
21542,1.0
21543,4.0
21544,1.0
21545,1.0
21546,4.0
21547,4.0
21548,1.0
21549,1.0
21550,1.0
21551,1.0
21552,4.0
21553,4.0
21554,4.0
21555,1.0
21556,4.0
21557,4.0
21558,4.0
21559,4.0
21560,4.0
21561,4.0
21562,4.0
21563,1.0
21564,1.0
21565,1.0
21566,4.0
21567,4.0
21568,1.0
21569,4.0
21570,4.0
21571,4.0
21572,1.0
21573,1.0
21574,1.0
21575,4.0
21576,4.0
21577,1.0
21578,1.0
21579,4.0
21580,1.0
21581,4.0
21582,4.0
21583,1.0
21584,1.0
21585,4.0
21586,4.0
21587,1.0
21588,4.0
21589,4.0
21590,1.0
21591,4.0
21592,4.0
21593,1.0
21594,1.0
21595,4.0
21596,4.0
21597,4.0
21598,1.0
21599,4.0
21600,4.0
21601,4.0
21602,4.0
21603,4.0
21604,1.0
21605,1.0
21606,4.0
21607,1.0
21608,4.0
21609,1.0
21610,4.0
21611,1.0
21612,4.0
21613,1.0
21614,4.0
21615,4.0
21616,4.0
21617,1.0
21618,4.0
21619,4.0
21620,4.0
21621,1.0
21622,1.0
21623,1.0
21624,4.0
21625,4.0
21626,1.0
21627,4.0
21628,4.0
21629,1.0
21630,1.0
21631,1.0
21632,4.0
21633,4.0
21634,4.0
21635,4.0
21636,1.0
21637,4.0
21638,4.0
21639,4.0
21640,4.0
21641,4.0
21642,1.0
21643,4.0
21644,4.0
21645,4.0
21646,1.0
21647,1.0
21648,1.0
21649,4.0
21650,4.0
21651,4.0
21652,1.0
21653,4.0
21654,1.0
21655,4.0
21656,1.0
21657,4.0
21658,4.0
21659,4.0
21660,4.0
21661,4.0
21662,4.0
21663,1.0
21664,1.0
21665,4.0
21666,4.0
21667,1.0
21668,1.0
21669,4.0
21670,1.0
21671,1.0
21672,1.0
21673,4.0
21674,4.0
21675,1.0
21676,4.0
21677,4.0
21678,4.0
21679,4.0
21680,1.0
21681,1.0
21682,4.0
21683,1.0
21684,4.0
21685,1.0
21686,4.0
21687,4.0
21688,1.0
21689,4.0
21690,4.0
21691,4.0
21692,1.0
21693,4.0
21694,4.0
21695,4.0
21696,1.0
21697,4.0
21698,1.0
21699,4.0
21700,1.0
21701,4.0
21702,4.0
21703,4.0
21704,4.0
21705,4.0
21706,1.0
21707,1.0
21708,1.0
21709,1.0
21710,1.0
21711,1.0
21712,4.0
21713,1.0
21714,4.0
21715,1.0
21716,1.0
21717,4.0
21718,1.0
21719,1.0
21720,1.0
21721,4.0
21722,1.0
21723,4.0
21724,1.0
21725,4.0
21726,4.0
21727,4.0
21728,1.0
21729,4.0
21730,4.0
21731,4.0
21732,1.0
21733,4.0
21734,4.0
21735,1.0
21736,4.0
21737,4.0
21738,1.0
21739,4.0
21740,1.0
21741,4.0
21742,4.0
21743,1.0
21744,4.0
21745,4.0
21746,1.0
21747,4.0
21748,1.0
21749,1.0
21750,1.0
21751,4.0
21752,1.0
21753,4.0
21754,1.0
21755,1.0
21756,4.0
21757,4.0
21758,1.0
21759,1.0
21760,4.0
21761,1.0
21762,4.0
21763,4.0
21764,4.0
21765,4.0
21766,1.0
21767,1.0
21768,4.0
21769,4.0
21770,4.0
21771,1.0
21772,4.0
21773,1.0
21774,1.0
21775,1.0
21776,1.0
21777,1.0
21778,4.0
21779,1.0
21780,1.0
21781,1.0
21782,4.0
21783,1.0
21784,4.0
21785,4.0
21786,1.0
21787,4.0
21788,1.0
21789,4.0
21790,4.0
21791,1.0
21792,4.0
21793,4.0
21794,1.0
21795,1.0
21796,1.0
21797,1.0
21798,1.0
21799,4.0
21800,1.0
21801,1.0
21802,4.0
21803,4.0
21804,1.0
21805,4.0
21806,4.0
21807,4.0
21808,4.0
21809,4.0
21810,4.0
21811,4.0
21812,4.0
21813,1.0
21814,4.0
21815,4.0
21816,4.0
21817,4.0
21818,1.0
21819,4.0
21820,1.0
21821,4.0
21822,4.0
21823,1.0
21824,4.0
21825,4.0
21826,4.0
21827,1.0
21828,4.0
21829,1.0
21830,4.0
21831,4.0
21832,4.0
21833,4.0
21834,1.0
21835,4.0
21836,1.0
21837,1.0
21838,4.0
21839,4.0
21840,1.0
21841,4.0
21842,1.0
21843,4.0
21844,4.0
21845,1.0
21846,4.0
21847,4.0
21848,4.0
21849,4.0
21850,1.0
21851,4.0
21852,4.0
21853,4.0
21854,4.0
21855,4.0
21856,4.0
21857,1.0
21858,1.0
21859,1.0
21860,4.0
21861,1.0
21862,4.0
21863,1.0
21864,4.0
21865,1.0
21866,1.0
21867,4.0
21868,1.0
21869,4.0
21870,4.0
21871,4.0
21872,4.0
21873,4.0
21874,4.0
21875,1.0
21876,1.0
21877,1.0
21878,4.0
21879,1.0
21880,1.0
21881,4.0
21882,4.0
21883,4.0
21884,1.0
21885,1.0
21886,1.0
21887,4.0
21888,4.0
21889,4.0
21890,1.0
21891,1.0
21892,4.0
21893,1.0
21894,1.0
21895,1.0
21896,1.0
21897,4.0
21898,4.0
21899,4.0
21900,4.0
21901,1.0
21902,4.0
21903,4.0
21904,1.0
21905,4.0
21906,4.0
21907,4.0
21908,4.0
21909,1.0
21910,1.0
21911,1.0
21912,4.0
21913,1.0
21914,4.0
21915,4.0
21916,4.0
21917,4.0
21918,1.0
21919,4.0
21920,4.0
21921,4.0
21922,4.0
21923,1.0
21924,4.0
21925,1.0
21926,1.0
21927,1.0
21928,1.0
21929,4.0
21930,4.0
21931,4.0
21932,1.0
21933,4.0
21934,1.0
21935,1.0
21936,1.0
21937,4.0
21938,1.0
21939,1.0
21940,4.0
21941,4.0
21942,1.0
21943,4.0
21944,1.0
21945,4.0
21946,4.0
21947,1.0
21948,1.0
21949,1.0
21950,1.0
21951,1.0
21952,1.0
21953,4.0
21954,4.0
21955,1.0
21956,4.0
21957,1.0
21958,4.0
21959,1.0
21960,1.0
21961,1.0
21962,4.0
21963,4.0
21964,4.0
21965,1.0
21966,4.0
21967,4.0
21968,4.0
21969,4.0
21970,1.0
21971,4.0
21972,1.0
21973,4.0
21974,4.0
21975,1.0
21976,1.0
21977,1.0
21978,4.0
21979,1.0
21980,4.0
21981,4.0
21982,1.0
21983,4.0
21984,1.0
21985,4.0
21986,4.0
21987,4.0
21988,1.0
21989,1.0
21990,1.0
21991,4.0
21992,1.0
21993,1.0
21994,1.0
21995,1.0
21996,4.0
21997,4.0
21998,1.0
21999,4.0
22000,1.0
22001,4.0
22002,4.0
22003,1.0
22004,1.0
22005,1.0
22006,4.0
22007,1.0
22008,1.0
22009,1.0
22010,4.0
22011,4.0
22012,1.0
22013,4.0
22014,4.0
22015,4.0
22016,1.0
22017,4.0
22018,4.0
22019,1.0
22020,4.0
22021,4.0
22022,1.0
22023,4.0
22024,1.0
22025,4.0
22026,4.0
22027,4.0
22028,4.0
22029,4.0
22030,4.0
22031,1.0
22032,4.0
22033,4.0
22034,4.0
22035,1.0
22036,4.0
22037,1.0
22038,1.0
22039,4.0
22040,4.0
22041,4.0
22042,4.0
22043,4.0
22044,4.0
22045,1.0
22046,4.0
22047,4.0
22048,1.0
22049,1.0
22050,4.0
22051,4.0
22052,4.0
22053,4.0
22054,4.0
22055,4.0
22056,4.0
22057,4.0
22058,1.0
22059,1.0
22060,4.0
22061,4.0
22062,4.0
22063,1.0
22064,4.0
22065,4.0
22066,1.0
22067,4.0
22068,4.0
22069,4.0
22070,4.0
22071,4.0
22072,4.0
22073,4.0
22074,1.0
22075,4.0
22076,1.0
22077,1.0
22078,4.0
22079,1.0
22080,1.0
22081,4.0
22082,1.0
22083,4.0
22084,4.0
22085,1.0
22086,1.0
22087,4.0
22088,4.0
22089,4.0
22090,1.0
22091,4.0
22092,4.0
22093,4.0
22094,4.0
22095,1.0
22096,1.0
22097,1.0
22098,4.0
22099,1.0
22100,4.0
22101,4.0
22102,1.0
22103,1.0
22104,4.0
22105,1.0
22106,4.0
22107,1.0
22108,4.0
22109,1.0
22110,4.0
22111,1.0
22112,1.0
22113,4.0
22114,4.0
22115,4.0
22116,1.0
22117,1.0
22118,1.0
22119,4.0
22120,4.0
22121,4.0
22122,4.0
22123,4.0
22124,4.0
22125,4.0
22126,1.0
22127,1.0
22128,4.0
22129,4.0
22130,4.0
22131,1.0
22132,1.0
22133,4.0
22134,4.0
22135,1.0
22136,4.0
22137,1.0
22138,4.0
22139,4.0
22140,1.0
22141,1.0
22142,4.0
22143,1.0
22144,4.0
22145,1.0
22146,1.0
22147,4.0
22148,4.0
22149,1.0
22150,1.0
22151,1.0
22152,4.0
22153,4.0
22154,4.0
22155,4.0
22156,1.0
22157,1.0
22158,4.0
22159,4.0
22160,1.0
22161,4.0
22162,4.0
22163,1.0
22164,1.0
22165,4.0
22166,1.0
22167,4.0
22168,4.0
22169,1.0
22170,4.0
22171,1.0
22172,1.0
22173,4.0
22174,4.0
22175,4.0
22176,4.0
22177,1.0
22178,4.0
22179,4.0
22180,4.0
22181,1.0
22182,1.0
22183,4.0
22184,4.0
22185,4.0
22186,1.0
22187,4.0
22188,1.0
22189,1.0
22190,4.0
22191,4.0
22192,4.0
22193,4.0
22194,4.0
22195,1.0
22196,4.0
22197,4.0
22198,4.0
22199,1.0
22200,4.0
22201,4.0
22202,1.0
22203,4.0
22204,4.0
22205,4.0
22206,1.0
22207,1.0
22208,4.0
22209,4.0
22210,4.0
22211,1.0
22212,4.0
22213,4.0
22214,4.0
22215,1.0
22216,1.0
22217,1.0
22218,4.0
22219,1.0
22220,4.0
22221,4.0
22222,1.0
22223,4.0
22224,4.0
22225,1.0
22226,1.0
22227,4.0
22228,1.0
22229,4.0
22230,4.0
22231,1.0
22232,1.0
22233,1.0
22234,1.0
22235,4.0
22236,4.0
22237,1.0
22238,1.0
22239,4.0
22240,4.0
22241,1.0
22242,4.0
22243,4.0
22244,4.0
22245,4.0
22246,4.0
22247,4.0
22248,1.0
22249,4.0
22250,4.0
22251,4.0
22252,4.0
22253,1.0
22254,1.0
22255,1.0
22256,4.0
22257,4.0
22258,4.0
22259,4.0
22260,4.0
22261,1.0
22262,1.0
22263,4.0
22264,4.0
22265,1.0
22266,4.0
22267,1.0
22268,4.0
22269,1.0
22270,4.0
22271,4.0
22272,4.0
22273,4.0
22274,1.0
22275,4.0
22276,1.0
22277,1.0
22278,4.0
22279,4.0
22280,4.0
22281,4.0
22282,4.0
22283,4.0
22284,4.0
22285,4.0
22286,1.0
22287,4.0
22288,4.0
22289,1.0
22290,1.0
22291,4.0
22292,1.0
22293,1.0
22294,4.0
22295,1.0
22296,1.0
22297,4.0
22298,4.0
22299,4.0
22300,4.0
22301,4.0
22302,1.0
22303,1.0
22304,4.0
22305,4.0
22306,4.0
22307,4.0
22308,1.0
22309,4.0
22310,1.0
22311,4.0
22312,4.0
22313,1.0
22314,1.0
22315,1.0
22316,4.0
22317,4.0
22318,4.0
22319,1.0
22320,4.0
22321,4.0
22322,4.0
22323,1.0
22324,4.0
22325,4.0
22326,4.0
22327,4.0
22328,1.0
22329,4.0
22330,4.0
22331,4.0
22332,4.0
22333,1.0
22334,4.0
22335,1.0
22336,4.0
22337,4.0
22338,4.0
22339,4.0
22340,1.0
22341,4.0
22342,4.0
22343,1.0
22344,1.0
22345,4.0
22346,1.0
22347,4.0
22348,1.0
22349,4.0
22350,4.0
22351,1.0
22352,4.0
22353,4.0
22354,4.0
22355,4.0
22356,4.0
22357,4.0
22358,1.0
22359,4.0
22360,1.0
22361,4.0
22362,4.0
22363,4.0
22364,1.0
22365,1.0
22366,4.0
22367,4.0
22368,4.0
22369,1.0
22370,4.0
22371,4.0
22372,1.0
22373,4.0
22374,1.0
22375,1.0
22376,1.0
22377,4.0
22378,4.0
22379,4.0
22380,1.0
22381,1.0
22382,4.0
22383,4.0
22384,1.0
22385,1.0
22386,4.0
22387,4.0
22388,4.0
22389,1.0
22390,1.0
22391,4.0
22392,1.0
22393,4.0
22394,4.0
22395,1.0
22396,1.0
22397,4.0
22398,4.0
22399,1.0
22400,4.0
22401,4.0
22402,4.0
22403,4.0
22404,1.0
22405,1.0
22406,1.0
22407,4.0
22408,4.0
22409,1.0
22410,4.0
22411,4.0
22412,1.0
22413,4.0
22414,4.0
22415,1.0
22416,4.0
22417,4.0
22418,4.0
22419,1.0
22420,4.0
22421,4.0
22422,1.0
22423,4.0
22424,4.0
22425,4.0
22426,1.0
22427,1.0
22428,1.0
22429,1.0
22430,4.0
22431,1.0
22432,1.0
22433,4.0
22434,4.0
22435,4.0
22436,4.0
22437,4.0
22438,1.0
22439,1.0
22440,1.0
22441,4.0
22442,1.0
22443,4.0
22444,4.0
22445,1.0
22446,1.0
22447,1.0
22448,4.0
22449,4.0
22450,4.0
22451,4.0
22452,4.0
22453,4.0
22454,1.0
22455,1.0
22456,1.0
22457,4.0
22458,4.0
22459,4.0
22460,4.0
22461,4.0
22462,4.0
22463,1.0
22464,1.0
22465,4.0
22466,1.0
22467,1.0
22468,4.0
22469,4.0
22470,1.0
22471,4.0
22472,4.0
22473,1.0
22474,4.0
22475,4.0
22476,1.0
22477,4.0
22478,4.0
22479,1.0
22480,4.0
22481,4.0
22482,4.0
22483,1.0
22484,4.0
22485,4.0
22486,1.0
22487,4.0
22488,1.0
22489,4.0
22490,1.0
22491,4.0
22492,4.0
22493,4.0
22494,1.0
22495,4.0
22496,4.0
22497,1.0
22498,1.0
22499,1.0
22500,1.0
22501,1.0
22502,4.0
22503,4.0
22504,1.0
22505,1.0
22506,4.0
22507,1.0
22508,1.0
22509,4.0
22510,1.0
22511,4.0
22512,4.0
22513,4.0
22514,4.0
22515,1.0
22516,4.0
22517,4.0
22518,4.0
22519,1.0
22520,1.0
22521,1.0
22522,4.0
22523,1.0
22524,4.0
22525,1.0
22526,4.0
22527,4.0
22528,4.0
22529,1.0
22530,1.0
22531,4.0
22532,4.0
22533,4.0
22534,1.0
22535,1.0
22536,4.0
22537,4.0
22538,1.0
22539,1.0
22540,4.0
22541,1.0
22542,4.0
22543,1.0
22544,4.0
22545,4.0
22546,4.0
22547,4.0
22548,4.0
22549,4.0
22550,4.0
22551,4.0
22552,4.0
22553,4.0
22554,4.0
22555,4.0
22556,1.0
22557,1.0
22558,1.0
22559,4.0
22560,4.0
22561,1.0
22562,1.0
22563,1.0
22564,1.0
22565,4.0
22566,4.0
22567,4.0
22568,4.0
22569,1.0
22570,4.0
22571,1.0
22572,4.0
22573,1.0
22574,1.0
22575,4.0
22576,1.0
22577,4.0
22578,4.0
22579,4.0
22580,4.0
22581,4.0
22582,4.0
22583,4.0
22584,4.0
22585,4.0
22586,1.0
22587,4.0
22588,4.0
22589,4.0
22590,4.0
22591,4.0
22592,1.0
22593,4.0
22594,4.0
22595,1.0
22596,4.0
22597,4.0
22598,1.0
22599,4.0
22600,1.0
22601,1.0
22602,4.0
22603,4.0
22604,4.0
22605,1.0
22606,4.0
22607,4.0
22608,4.0
22609,4.0
22610,4.0
22611,1.0
22612,1.0
22613,1.0
22614,1.0
22615,1.0
22616,4.0
22617,1.0
22618,1.0
22619,4.0
22620,4.0
22621,1.0
22622,1.0
22623,4.0
22624,4.0
22625,4.0
22626,4.0
22627,4.0
22628,4.0
22629,1.0
22630,1.0
22631,4.0
22632,4.0
22633,1.0
22634,4.0
22635,4.0
22636,4.0
22637,1.0
22638,4.0
22639,4.0
22640,4.0
22641,4.0
22642,1.0
22643,4.0
22644,4.0
22645,1.0
22646,4.0
22647,4.0
22648,1.0
22649,4.0
22650,1.0
22651,1.0
22652,4.0
22653,1.0
22654,4.0
22655,4.0
22656,4.0
22657,4.0
22658,4.0
22659,1.0
22660,4.0
22661,4.0
22662,1.0
22663,4.0
22664,4.0
22665,1.0
22666,4.0
22667,1.0
22668,4.0
22669,4.0
22670,4.0
22671,1.0
22672,1.0
22673,4.0
22674,4.0
22675,1.0
22676,4.0
22677,4.0
22678,1.0
22679,1.0
22680,1.0
22681,1.0
22682,1.0
22683,4.0
22684,4.0
22685,1.0
22686,4.0
22687,4.0
22688,1.0
22689,4.0
22690,1.0
22691,4.0
22692,4.0
22693,1.0
22694,1.0
22695,4.0
22696,4.0
22697,4.0
22698,4.0
22699,4.0
22700,4.0
22701,4.0
22702,1.0
22703,1.0
22704,4.0
22705,1.0
22706,4.0
22707,4.0
22708,4.0
22709,4.0
22710,4.0
22711,4.0
22712,4.0
22713,4.0
22714,4.0
22715,1.0
22716,1.0
22717,4.0
22718,4.0
22719,4.0
22720,1.0
22721,1.0
22722,4.0
22723,4.0
22724,1.0
22725,4.0
22726,1.0
22727,4.0
22728,4.0
22729,4.0
22730,1.0
22731,4.0
22732,4.0
22733,4.0
22734,4.0
22735,4.0
22736,4.0
22737,4.0
22738,4.0
22739,4.0
22740,4.0
22741,4.0
22742,4.0
22743,1.0
22744,4.0
22745,4.0
22746,1.0
22747,1.0
22748,1.0
22749,1.0
22750,4.0
22751,4.0
22752,1.0
22753,4.0
22754,1.0
22755,4.0
22756,4.0
22757,1.0
22758,1.0
22759,4.0
22760,4.0
22761,4.0
22762,4.0
22763,1.0
22764,4.0
22765,4.0
22766,4.0
22767,1.0
22768,1.0
22769,4.0
22770,1.0
22771,4.0
22772,4.0
22773,4.0
22774,4.0
22775,4.0
22776,1.0
22777,1.0
22778,4.0
22779,4.0
22780,1.0
22781,1.0
22782,1.0
22783,4.0
22784,1.0
22785,1.0
22786,4.0
22787,1.0
22788,4.0
22789,4.0
22790,4.0
22791,1.0
22792,4.0
22793,4.0
22794,1.0
22795,1.0
22796,4.0
22797,1.0
22798,4.0
22799,4.0
22800,4.0
22801,4.0
22802,4.0
22803,4.0
22804,4.0
22805,4.0
22806,1.0
22807,1.0
22808,4.0
22809,1.0
22810,4.0
22811,4.0
22812,1.0
22813,1.0
22814,4.0
22815,1.0
22816,1.0
22817,4.0
22818,1.0
22819,4.0
22820,4.0
22821,4.0
22822,4.0
22823,1.0
22824,4.0
22825,1.0
22826,1.0
22827,4.0
22828,1.0
22829,4.0
22830,1.0
22831,4.0
22832,4.0
22833,1.0
22834,1.0
22835,1.0
22836,4.0
22837,4.0
22838,1.0
22839,4.0
22840,4.0
22841,4.0
22842,4.0
22843,4.0
22844,1.0
22845,1.0
22846,1.0
22847,4.0
22848,1.0
22849,4.0
22850,4.0
22851,4.0
22852,1.0
22853,4.0
22854,4.0
22855,1.0
22856,4.0
22857,1.0
22858,4.0
22859,4.0
22860,4.0
22861,4.0
22862,4.0
22863,4.0
22864,1.0
22865,4.0
22866,1.0
22867,1.0
22868,4.0
22869,4.0
22870,1.0
22871,1.0
22872,4.0
22873,1.0
22874,4.0
22875,1.0
22876,4.0
22877,1.0
22878,4.0
22879,1.0
22880,4.0
22881,4.0
22882,4.0
22883,1.0
22884,4.0
22885,1.0
22886,4.0
22887,4.0
22888,4.0
22889,1.0
22890,4.0
22891,1.0
22892,4.0
22893,1.0
22894,4.0
22895,1.0
22896,4.0
22897,4.0
22898,4.0
22899,1.0
22900,4.0
22901,1.0
22902,1.0
22903,4.0
22904,4.0
22905,1.0
22906,4.0
22907,1.0
22908,1.0
22909,1.0
22910,1.0
22911,4.0
22912,1.0
22913,4.0
22914,4.0
22915,1.0
22916,4.0
22917,1.0
22918,1.0
22919,1.0
22920,4.0
22921,4.0
22922,4.0
22923,1.0
22924,4.0
22925,4.0
22926,4.0
22927,1.0
22928,1.0
22929,4.0
22930,1.0
22931,1.0
22932,4.0
22933,4.0
22934,4.0
22935,1.0
22936,4.0
22937,4.0
22938,1.0
22939,4.0
22940,4.0
22941,4.0
22942,1.0
22943,4.0
22944,4.0
22945,4.0
22946,1.0
22947,4.0
22948,1.0
22949,4.0
22950,4.0
22951,4.0
22952,4.0
22953,4.0
22954,4.0
22955,4.0
22956,4.0
22957,4.0
22958,1.0
22959,1.0
22960,4.0
22961,4.0
22962,4.0
22963,1.0
22964,1.0
22965,1.0
22966,1.0
22967,4.0
22968,1.0
22969,4.0
22970,4.0
22971,1.0
22972,1.0
22973,1.0
22974,1.0
22975,4.0
22976,1.0
22977,4.0
22978,1.0
22979,4.0
22980,4.0
22981,4.0
22982,1.0
22983,4.0
22984,1.0
22985,4.0
22986,4.0
22987,4.0
22988,4.0
22989,1.0
22990,4.0
22991,1.0
22992,4.0
22993,1.0
22994,4.0
22995,4.0
22996,4.0
22997,4.0
22998,4.0
22999,4.0
23000,4.0
23001,4.0
23002,4.0
23003,1.0
23004,1.0
23005,1.0
23006,4.0
23007,4.0
23008,4.0
23009,4.0
23010,4.0
23011,4.0
23012,1.0
23013,1.0
23014,1.0
23015,4.0
23016,1.0
23017,1.0
23018,4.0
23019,4.0
23020,1.0
23021,1.0
23022,1.0
23023,4.0
23024,4.0
23025,4.0
23026,4.0
23027,4.0
23028,1.0
23029,1.0
23030,1.0
23031,4.0
23032,4.0
23033,1.0
23034,1.0
23035,4.0
23036,1.0
23037,1.0
23038,1.0
23039,1.0
23040,1.0
23041,4.0
23042,1.0
23043,4.0
23044,4.0
23045,4.0
23046,4.0
23047,4.0
23048,1.0
23049,1.0
23050,4.0
23051,4.0
23052,1.0
23053,1.0
23054,1.0
23055,4.0
23056,4.0
23057,4.0
23058,4.0
23059,4.0
23060,4.0
23061,1.0
23062,1.0
23063,4.0
23064,1.0
23065,1.0
23066,1.0
23067,1.0
23068,1.0
23069,4.0
23070,4.0
23071,4.0
23072,4.0
23073,4.0
23074,1.0
23075,1.0
23076,1.0
23077,1.0
23078,4.0
23079,4.0
23080,1.0
23081,1.0
23082,4.0
23083,1.0
23084,1.0
23085,4.0
23086,1.0
23087,4.0
23088,4.0
23089,1.0
23090,1.0
23091,1.0
23092,1.0
23093,4.0
23094,1.0
23095,1.0
23096,1.0
23097,4.0
23098,1.0
23099,4.0
23100,4.0
23101,4.0
23102,4.0
23103,1.0
23104,4.0
23105,1.0
23106,4.0
23107,1.0
23108,1.0
23109,4.0
23110,1.0
23111,4.0
23112,4.0
23113,1.0
23114,4.0
23115,1.0
23116,4.0
23117,4.0
23118,4.0
23119,4.0
23120,4.0
23121,1.0
23122,4.0
23123,4.0
23124,4.0
23125,4.0
23126,4.0
23127,4.0
23128,4.0
23129,4.0
23130,4.0
23131,4.0
23132,4.0
23133,4.0
23134,1.0
23135,4.0
23136,4.0
23137,1.0
23138,4.0
23139,1.0
23140,4.0
23141,1.0
23142,4.0
23143,4.0
23144,4.0
23145,4.0
23146,1.0
23147,4.0
23148,1.0
23149,1.0
23150,4.0
23151,4.0
23152,4.0
23153,4.0
23154,1.0
23155,4.0
23156,1.0
23157,1.0
23158,4.0
23159,1.0
23160,4.0
23161,4.0
23162,1.0
23163,4.0
23164,4.0
23165,4.0
23166,4.0
23167,1.0
23168,1.0
23169,1.0
23170,4.0
23171,1.0
23172,4.0
23173,1.0
23174,1.0
23175,4.0
23176,4.0
23177,1.0
23178,4.0
23179,1.0
23180,4.0
23181,4.0
23182,4.0
23183,4.0
23184,4.0
23185,4.0
23186,4.0
23187,4.0
23188,1.0
23189,1.0
23190,4.0
23191,1.0
23192,4.0
23193,1.0
23194,1.0
23195,4.0
23196,4.0
23197,4.0
23198,4.0
23199,4.0
23200,1.0
23201,1.0
23202,1.0
23203,1.0
23204,1.0
23205,4.0
23206,4.0
23207,4.0
23208,4.0
23209,4.0
23210,4.0
23211,4.0
23212,1.0
23213,1.0
23214,4.0
23215,1.0
23216,4.0
23217,4.0
23218,1.0
23219,4.0
23220,1.0
23221,4.0
23222,1.0
23223,4.0
23224,4.0
23225,1.0
23226,1.0
23227,1.0
23228,1.0
23229,4.0
23230,4.0
23231,1.0
23232,4.0
23233,1.0
23234,4.0
23235,4.0
23236,4.0
23237,1.0
23238,1.0
23239,1.0
23240,4.0
23241,4.0
23242,4.0
23243,1.0
23244,4.0
23245,1.0
23246,1.0
23247,4.0
23248,4.0
23249,1.0
23250,4.0
23251,4.0
23252,1.0
23253,4.0
23254,1.0
23255,4.0
23256,1.0
23257,1.0
23258,4.0
23259,4.0
23260,4.0
23261,4.0
23262,4.0
23263,1.0
23264,1.0
23265,1.0
23266,1.0
23267,4.0
23268,4.0
23269,1.0
23270,1.0
23271,4.0
23272,4.0
23273,4.0
23274,4.0
23275,1.0
23276,1.0
23277,4.0
23278,1.0
23279,1.0
23280,1.0
23281,1.0
23282,1.0
23283,1.0
23284,1.0
23285,1.0
23286,1.0
23287,4.0
23288,1.0
23289,4.0
23290,4.0
23291,1.0
23292,1.0
23293,4.0
23294,1.0
23295,1.0
23296,4.0
23297,4.0
23298,1.0
23299,4.0
23300,4.0
23301,1.0
23302,1.0
23303,1.0
23304,4.0
23305,1.0
23306,1.0
23307,4.0
23308,4.0
23309,4.0
23310,4.0
23311,4.0
23312,4.0
23313,1.0
23314,4.0
23315,4.0
23316,4.0
23317,1.0
23318,4.0
23319,4.0
23320,4.0
23321,4.0
23322,4.0
23323,4.0
23324,1.0
23325,4.0
23326,4.0
23327,4.0
23328,4.0
23329,1.0
23330,4.0
23331,1.0
23332,4.0
23333,1.0
23334,1.0
23335,4.0
23336,1.0
23337,1.0
23338,4.0
23339,4.0
23340,4.0
23341,1.0
23342,4.0
23343,4.0
23344,4.0
23345,4.0
23346,4.0
23347,4.0
23348,4.0
23349,4.0
23350,1.0
23351,4.0
23352,4.0
23353,4.0
23354,1.0
23355,1.0
23356,4.0
23357,4.0
23358,1.0
23359,1.0
23360,4.0
23361,4.0
23362,4.0
23363,1.0
23364,1.0
23365,1.0
23366,1.0
23367,4.0
23368,4.0
23369,1.0
23370,4.0
23371,1.0
23372,1.0
23373,4.0
23374,4.0
23375,4.0
23376,1.0
23377,4.0
23378,4.0
23379,4.0
23380,1.0
23381,1.0
23382,4.0
23383,4.0
23384,4.0
23385,4.0
23386,1.0
23387,4.0
23388,1.0
23389,4.0
23390,4.0
23391,4.0
23392,4.0
23393,4.0
23394,1.0
23395,1.0
23396,1.0
23397,1.0
23398,4.0
23399,4.0
23400,4.0
23401,1.0
23402,1.0
23403,4.0
23404,4.0
23405,4.0
23406,4.0
23407,1.0
23408,4.0
23409,4.0
23410,4.0
23411,4.0
23412,1.0
23413,4.0
23414,4.0
23415,4.0
23416,1.0
23417,4.0
23418,4.0
23419,1.0
23420,4.0
23421,1.0
23422,4.0
23423,1.0
23424,4.0
23425,1.0
23426,1.0
23427,4.0
23428,4.0
23429,4.0
23430,1.0
23431,1.0
23432,4.0
23433,1.0
23434,4.0
23435,4.0
23436,4.0
23437,1.0
23438,1.0
23439,4.0
23440,4.0
23441,1.0
23442,1.0
23443,1.0
23444,4.0
23445,1.0
23446,1.0
23447,1.0
23448,4.0
23449,4.0
23450,4.0
23451,4.0
23452,4.0
23453,4.0
23454,1.0
23455,1.0
23456,1.0
23457,4.0
23458,1.0
23459,4.0
23460,1.0
23461,1.0
23462,4.0
23463,1.0
23464,4.0
23465,1.0
23466,1.0
23467,4.0
23468,4.0
23469,4.0
23470,1.0
23471,4.0
23472,1.0
23473,1.0
23474,1.0
23475,4.0
23476,4.0
23477,4.0
23478,1.0
23479,4.0
23480,4.0
23481,4.0
23482,4.0
23483,4.0
23484,1.0
23485,4.0
23486,1.0
23487,1.0
23488,4.0
23489,1.0
23490,4.0
23491,4.0
23492,1.0
23493,4.0
23494,4.0
23495,4.0
23496,4.0
23497,1.0
23498,1.0
23499,4.0
23500,1.0
23501,1.0
23502,4.0
23503,4.0
23504,4.0
23505,1.0
23506,1.0
23507,4.0
23508,1.0
23509,1.0
23510,1.0
23511,4.0
23512,1.0
23513,1.0
23514,1.0
23515,1.0
23516,1.0
23517,1.0
23518,4.0
23519,4.0
23520,1.0
23521,4.0
23522,4.0
23523,1.0
23524,4.0
23525,1.0
23526,4.0
23527,1.0
23528,1.0
23529,4.0
23530,1.0
23531,4.0
23532,4.0
23533,4.0
23534,4.0
23535,4.0
23536,1.0
23537,1.0
23538,4.0
23539,4.0
23540,1.0
23541,1.0
23542,4.0
23543,4.0
23544,1.0
23545,1.0
23546,4.0
23547,4.0
23548,4.0
23549,1.0
23550,1.0
23551,1.0
23552,1.0
23553,4.0
23554,4.0
23555,1.0
23556,4.0
23557,1.0
23558,1.0
23559,4.0
23560,4.0
23561,1.0
23562,1.0
23563,1.0
23564,4.0
23565,4.0
23566,1.0
23567,1.0
23568,1.0
23569,1.0
23570,1.0
23571,4.0
23572,1.0
23573,1.0
23574,4.0
23575,4.0
23576,1.0
23577,4.0
23578,4.0
23579,1.0
23580,4.0
23581,1.0
23582,1.0
23583,1.0
23584,4.0
23585,4.0
23586,4.0
23587,4.0
23588,1.0
23589,4.0
23590,1.0
23591,1.0
23592,4.0
23593,1.0
23594,4.0
23595,4.0
23596,4.0
23597,4.0
23598,1.0
23599,4.0
23600,4.0
23601,4.0
23602,4.0
23603,4.0
23604,1.0
23605,4.0
23606,1.0
23607,1.0
23608,1.0
23609,1.0
23610,4.0
23611,1.0
23612,4.0
23613,4.0
23614,1.0
23615,4.0
23616,1.0
23617,1.0
23618,1.0
23619,4.0
23620,1.0
23621,4.0
23622,4.0
23623,4.0
23624,1.0
23625,4.0
23626,1.0
23627,1.0
23628,1.0
23629,4.0
23630,4.0
23631,1.0
23632,4.0
23633,4.0
23634,4.0
23635,4.0
23636,1.0
23637,1.0
23638,1.0
23639,1.0
23640,1.0
23641,4.0
23642,4.0
23643,1.0
23644,1.0
23645,1.0
23646,1.0
23647,4.0
23648,4.0
23649,1.0
23650,4.0
23651,1.0
23652,1.0
23653,4.0
23654,4.0
23655,1.0
23656,4.0
